Name,Type,Size,Price,Description,Imageloc,category,tags,SKU,variationDesc
Muen i rosa,,,,Flotte muen,https://tiboine.com/wp-content/uploads/2020/10/Muen-Tor-Ivan-Boine-7063.jpg,Landskap,"Muen, Ringebu, kveldslys, Fjell, landskap",7063
Muen i rosa,Chromaluxe,30x20,895,,,,,,"ChromaLuxe aluminium skiller seg ut med å gi bildet en unik fargemetning, dybdefølelse og bildekvalitet sammenlignet med tradisjonelle aluminiumsbilder. Leveres med veggfeste"
Muen i rosa,Chromaluxe,60x40,2395,,,,,,"ChromaLuxe aluminium skiller seg ut med å gi bildet en unik fargemetning, dybdefølelse og bildekvalitet sammenlignet med tradisjonelle aluminiumsbilder. Leveres med veggfeste"
Muen i rosa,Chromaluxe,75x50,3795,,,,,,"ChromaLuxe aluminium skiller seg ut med å gi bildet en unik fargemetning, dybdefølelse og bildekvalitet sammenlignet med tradisjonelle aluminiumsbilder. Leveres med veggfeste"
Muen i rosa,Chromaluxe,90x60,5395,,,,,,"ChromaLuxe aluminium skiller seg ut med å gi bildet en unik fargemetning, dybdefølelse og bildekvalitet sammenlignet med tradisjonelle aluminiumsbilder. Leveres med veggfeste"
Muen i rosa,Chromaluxe,120x80,8795,,,,,,"ChromaLuxe aluminium skiller seg ut med å gi bildet en unik fargemetning, dybdefølelse og bildekvalitet sammenlignet med tradisjonelle aluminiumsbilder. Leveres med veggfeste"
Muen i rosa,Lerret,20x30,1095,,,,,,"Alle bilder blir strukket rundt kraftig treramme med 3.4cm dybde, klar til å henges på veggen. Bildet printes på Premium Satin Canvas med en semigloss overflate. Lerretene leveres med stålvaier-oppheng bak og det brukes kiler i hjørnene slik at det er mulig å etterstramme lerretet over tid."
Muen i rosa,Lerret,40x60,2395,,,,,,"Alle bilder blir strukket rundt kraftig treramme med 3.4cm dybde, klar til å henges på veggen. Bildet printes på Premium Satin Canvas med en semigloss overflate. Lerretene leveres med stålvaier-oppheng bak og det brukes kiler i hjørnene slik at det er mulig å etterstramme lerretet over tid."
Muen i rosa,Lerret,50x75,3095,,,,,,"Alle bilder blir strukket rundt kraftig treramme med 3.4cm dybde, klar til å henges på veggen. Bildet printes på Premium Satin Canvas med en semigloss overflate. Lerretene leveres med stålvaier-oppheng bak og det brukes kiler i hjørnene slik at det er mulig å etterstramme lerretet over tid."
Muen i rosa,Lerret,60x90,4095,,,,,,"Alle bilder blir strukket rundt kraftig treramme med 3.4cm dybde, klar til å henges på veggen. Bildet printes på Premium Satin Canvas med en semigloss overflate. Lerretene leveres med stålvaier-oppheng bak og det brukes kiler i hjørnene slik at det er mulig å etterstramme lerretet over tid."
Muen i rosa,Lerret,80x120,5595,,,,,,"Alle bilder blir strukket rundt kraftig treramme med 3.4cm dybde, klar til å henges på veggen. Bildet printes på Premium Satin Canvas med en semigloss overflate. Lerretene leveres med stålvaier-oppheng bak og det brukes kiler i hjørnene slik at det er mulig å etterstramme lerretet over tid."
Muen i rosa,FineArt smooth,20x30,295,,,,,,Papirprint for innramming. Bildene blir printet på FineArt Smooth helmatt uten struktur 300gram 
Muen i rosa,FineArt smooth,40x60,895,,,,,,Papirprint for innramming. Bildene blir printet på FineArt Smooth helmatt uten struktur 300gram 
Muen i rosa,FineArt smooth,50x75,995,,,,,,Papirprint for innramming. Bildene blir printet på FineArt Smooth helmatt uten struktur 300gram 
Muen i rosa,FineArt smooth,60x90,1295,,,,,,Papirprint for innramming. Bildene blir printet på FineArt Smooth helmatt uten struktur 300gram 
Muen i rosa,FineArt smooth,80x120,1995,,,,,,Papirprint for innramming. Bildene blir printet på FineArt Smooth helmatt uten struktur 300gram 
Nattvann,,,,Nattvann i Finnmark,https://tiboine.com/wp-content/uploads/2021/02/Nattvann_20170727_3966.jpg,Landskap,"solnedgang, Finnmark, Nord-Norge, vann, kveld",3966
Nattvann,Chromaluxe,30x20,895,,,,,,"ChromaLuxe aluminium skiller seg ut med å gi bildet en unik fargemetning, dybdefølelse og bildekvalitet sammenlignet med tradisjonelle aluminiumsbilder. Leveres med veggfeste"
Nattvann,Chromaluxe,60x40,2395,,,,,,"ChromaLuxe aluminium skiller seg ut med å gi bildet en unik fargemetning, dybdefølelse og bildekvalitet sammenlignet med tradisjonelle aluminiumsbilder. Leveres med veggfeste"
Nattvann,Chromaluxe,75x50,3795,,,,,,"ChromaLuxe aluminium skiller seg ut med å gi bildet en unik fargemetning, dybdefølelse og bildekvalitet sammenlignet med tradisjonelle aluminiumsbilder. Leveres med veggfeste"
Nattvann,Chromaluxe,90x60,5395,,,,,,"ChromaLuxe aluminium skiller seg ut med å gi bildet en unik fargemetning, dybdefølelse og bildekvalitet sammenlignet med tradisjonelle aluminiumsbilder. Leveres med veggfeste"
Nattvann,Chromaluxe,120x80,8795,,,,,,"ChromaLuxe aluminium skiller seg ut med å gi bildet en unik fargemetning, dybdefølelse og bildekvalitet sammenlignet med tradisjonelle aluminiumsbilder. Leveres med veggfeste"
Nattvann,Lerret,20x30,1095,,,,,,"Alle bilder blir strukket rundt kraftig treramme med 3.4cm dybde, klar til å henges på veggen. Bildet printes på Premium Satin Canvas med en semigloss overflate. Lerretene leveres med stålvaier-oppheng bak og det brukes kiler i hjørnene slik at det er mulig å etterstramme lerretet over tid."
Nattvann,Lerret,40x60,2395,,,,,,"Alle bilder blir strukket rundt kraftig treramme med 3.4cm dybde, klar til å henges på veggen. Bildet printes på Premium Satin Canvas med en semigloss overflate. Lerretene leveres med stålvaier-oppheng bak og det brukes kiler i hjørnene slik at det er mulig å etterstramme lerretet over tid."
Nattvann,Lerret,50x75,3095,,,,,,"Alle bilder blir strukket rundt kraftig treramme med 3.4cm dybde, klar til å henges på veggen. Bildet printes på Premium Satin Canvas med en semigloss overflate. Lerretene leveres med stålvaier-oppheng bak og det brukes kiler i hjørnene slik at det er mulig å etterstramme lerretet over tid."
Nattvann,Lerret,60x90,4095,,,,,,"Alle bilder blir strukket rundt kraftig treramme med 3.4cm dybde, klar til å henges på veggen. Bildet printes på Premium Satin Canvas med en semigloss overflate. Lerretene leveres med stålvaier-oppheng bak og det brukes kiler i hjørnene slik at det er mulig å etterstramme lerretet over tid."
Nattvann,Lerret,80x120,5595,,,,,,"Alle bilder blir strukket rundt kraftig treramme med 3.4cm dybde, klar til å henges på veggen. Bildet printes på Premium Satin Canvas med en semigloss overflate. Lerretene leveres med stålvaier-oppheng bak og det brukes kiler i hjørnene slik at det er mulig å etterstramme lerretet over tid."
Nattvann,FineArt smooth,20x30,295,,,,,,Papirprint for innramming. Bildene blir printet på FineArt Smooth helmatt uten struktur 300gram 
Nattvann,FineArt smooth,40x60,895,,,,,,Papirprint for innramming. Bildene blir printet på FineArt Smooth helmatt uten struktur 300gram 
Nattvann,FineArt smooth,50x75,995,,,,,,Papirprint for innramming. Bildene blir printet på FineArt Smooth helmatt uten struktur 300gram 
Nattvann,FineArt smooth,60x90,1295,,,,,,Papirprint for innramming. Bildene blir printet på FineArt Smooth helmatt uten struktur 300gram 
Nattvann,FineArt smooth,80x120,1995,,,,,,Papirprint for innramming. Bildene blir printet på FineArt Smooth helmatt uten struktur 300gram 
Gimsøya,,,,I Nordland,https://tiboine.com/wp-content/uploads/2021/02/TIB-20150722-3977.jpg,Landskap,"solnedgang, Nord-Norge, vann, kveld, hav",3977
Gimsøya,Chromaluxe,30x20,895,,,,,,"ChromaLuxe aluminium skiller seg ut med å gi bildet en unik fargemetning, dybdefølelse og bildekvalitet sammenlignet med tradisjonelle aluminiumsbilder. Leveres med veggfeste"
Gimsøya,Chromaluxe,60x40,2395,,,,,,"ChromaLuxe aluminium skiller seg ut med å gi bildet en unik fargemetning, dybdefølelse og bildekvalitet sammenlignet med tradisjonelle aluminiumsbilder. Leveres med veggfeste"
Gimsøya,Chromaluxe,75x50,3795,,,,,,"ChromaLuxe aluminium skiller seg ut med å gi bildet en unik fargemetning, dybdefølelse og bildekvalitet sammenlignet med tradisjonelle aluminiumsbilder. Leveres med veggfeste"
Gimsøya,Chromaluxe,90x60,5395,,,,,,"ChromaLuxe aluminium skiller seg ut med å gi bildet en unik fargemetning, dybdefølelse og bildekvalitet sammenlignet med tradisjonelle aluminiumsbilder. Leveres med veggfeste"
Gimsøya,Chromaluxe,120x80,8795,,,,,,"ChromaLuxe aluminium skiller seg ut med å gi bildet en unik fargemetning, dybdefølelse og bildekvalitet sammenlignet med tradisjonelle aluminiumsbilder. Leveres med veggfeste"
Gimsøya,Lerret,20x30,1095,,,,,,"Alle bilder blir strukket rundt kraftig treramme med 3.4cm dybde, klar til å henges på veggen. Bildet printes på Premium Satin Canvas med en semigloss overflate. Lerretene leveres med stålvaier-oppheng bak og det brukes kiler i hjørnene slik at det er mulig å etterstramme lerretet over tid."
Gimsøya,Lerret,40x60,2395,,,,,,"Alle bilder blir strukket rundt kraftig treramme med 3.4cm dybde, klar til å henges på veggen. Bildet printes på Premium Satin Canvas med en semigloss overflate. Lerretene leveres med stålvaier-oppheng bak og det brukes kiler i hjørnene slik at det er mulig å etterstramme lerretet over tid."
Gimsøya,Lerret,50x75,3095,,,,,,"Alle bilder blir strukket rundt kraftig treramme med 3.4cm dybde, klar til å henges på veggen. Bildet printes på Premium Satin Canvas med en semigloss overflate. Lerretene leveres med stålvaier-oppheng bak og det brukes kiler i hjørnene slik at det er mulig å etterstramme lerretet over tid."
Gimsøya,Lerret,60x90,4095,,,,,,"Alle bilder blir strukket rundt kraftig treramme med 3.4cm dybde, klar til å henges på veggen. Bildet printes på Premium Satin Canvas med en semigloss overflate. Lerretene leveres med stålvaier-oppheng bak og det brukes kiler i hjørnene slik at det er mulig å etterstramme lerretet over tid."
Gimsøya,Lerret,80x120,5595,,,,,,"Alle bilder blir strukket rundt kraftig treramme med 3.4cm dybde, klar til å henges på veggen. Bildet printes på Premium Satin Canvas med en semigloss overflate. Lerretene leveres med stålvaier-oppheng bak og det brukes kiler i hjørnene slik at det er mulig å etterstramme lerretet over tid."
Gimsøya,FineArt smooth,20x30,295,,,,,,Papirprint for innramming. Bildene blir printet på FineArt Smooth helmatt uten struktur 300gram 
Gimsøya,FineArt smooth,40x60,895,,,,,,Papirprint for innramming. Bildene blir printet på FineArt Smooth helmatt uten struktur 300gram 
Gimsøya,FineArt smooth,50x75,995,,,,,,Papirprint for innramming. Bildene blir printet på FineArt Smooth helmatt uten struktur 300gram 
Gimsøya,FineArt smooth,60x90,1295,,,,,,Papirprint for innramming. Bildene blir printet på FineArt Smooth helmatt uten struktur 300gram 
Gimsøya,FineArt smooth,80x120,1995,,,,,,Papirprint for innramming. Bildene blir printet på FineArt Smooth helmatt uten struktur 300gram 
Rondane,,,,Et speil i Rondane,https://tiboine.com/wp-content/uploads/2015/10/Reflection-in-Doraaldalen_15-09-28-Foto-Tor-Ivan-Boine-0794.jpg,Landskap,"Rondane, speiling, fjell, morgenlys",794
Rondane,Chromaluxe,30x20,895,,,,,,"ChromaLuxe aluminium skiller seg ut med å gi bildet en unik fargemetning, dybdefølelse og bildekvalitet sammenlignet med tradisjonelle aluminiumsbilder. Leveres med veggfeste"
Rondane,Chromaluxe,60x40,2395,,,,,,"ChromaLuxe aluminium skiller seg ut med å gi bildet en unik fargemetning, dybdefølelse og bildekvalitet sammenlignet med tradisjonelle aluminiumsbilder. Leveres med veggfeste"
Rondane,Chromaluxe,75x50,3795,,,,,,"ChromaLuxe aluminium skiller seg ut med å gi bildet en unik fargemetning, dybdefølelse og bildekvalitet sammenlignet med tradisjonelle aluminiumsbilder. Leveres med veggfeste"
Rondane,Chromaluxe,90x60,5395,,,,,,"ChromaLuxe aluminium skiller seg ut med å gi bildet en unik fargemetning, dybdefølelse og bildekvalitet sammenlignet med tradisjonelle aluminiumsbilder. Leveres med veggfeste"
Rondane,Chromaluxe,120x80,8795,,,,,,"ChromaLuxe aluminium skiller seg ut med å gi bildet en unik fargemetning, dybdefølelse og bildekvalitet sammenlignet med tradisjonelle aluminiumsbilder. Leveres med veggfeste"
Rondane,Lerret,20x30,1095,,,,,,"Alle bilder blir strukket rundt kraftig treramme med 3.4cm dybde, klar til å henges på veggen. Bildet printes på Premium Satin Canvas med en semigloss overflate. Lerretene leveres med stålvaier-oppheng bak og det brukes kiler i hjørnene slik at det er mulig å etterstramme lerretet over tid."
Rondane,Lerret,40x60,2395,,,,,,"Alle bilder blir strukket rundt kraftig treramme med 3.4cm dybde, klar til å henges på veggen. Bildet printes på Premium Satin Canvas med en semigloss overflate. Lerretene leveres med stålvaier-oppheng bak og det brukes kiler i hjørnene slik at det er mulig å etterstramme lerretet over tid."
Rondane,Lerret,50x75,3095,,,,,,"Alle bilder blir strukket rundt kraftig treramme med 3.4cm dybde, klar til å henges på veggen. Bildet printes på Premium Satin Canvas med en semigloss overflate. Lerretene leveres med stålvaier-oppheng bak og det brukes kiler i hjørnene slik at det er mulig å etterstramme lerretet over tid."
Rondane,Lerret,60x90,4095,,,,,,"Alle bilder blir strukket rundt kraftig treramme med 3.4cm dybde, klar til å henges på veggen. Bildet printes på Premium Satin Canvas med en semigloss overflate. Lerretene leveres med stålvaier-oppheng bak og det brukes kiler i hjørnene slik at det er mulig å etterstramme lerretet over tid."
Rondane,Lerret,80x120,5595,,,,,,"Alle bilder blir strukket rundt kraftig treramme med 3.4cm dybde, klar til å henges på veggen. Bildet printes på Premium Satin Canvas med en semigloss overflate. Lerretene leveres med stålvaier-oppheng bak og det brukes kiler i hjørnene slik at det er mulig å etterstramme lerretet over tid."
Rondane,FineArt smooth,20x30,295,,,,,,Papirprint for innramming. Bildene blir printet på FineArt Smooth helmatt uten struktur 300gram 
Rondane,FineArt smooth,40x60,895,,,,,,Papirprint for innramming. Bildene blir printet på FineArt Smooth helmatt uten struktur 300gram 
Rondane,FineArt smooth,50x75,995,,,,,,Papirprint for innramming. Bildene blir printet på FineArt Smooth helmatt uten struktur 300gram 
Rondane,FineArt smooth,60x90,1295,,,,,,Papirprint for innramming. Bildene blir printet på FineArt Smooth helmatt uten struktur 300gram 
Rondane,FineArt smooth,80x120,1995,,,,,,Papirprint for innramming. Bildene blir printet på FineArt Smooth helmatt uten struktur 300gram 
Rondane II,,,,En fantastisk septembermorgen,https://tiboine.com/wp-content/uploads/2015/10/Doraaldalen_15-09-28-Foto-Tor-Ivan-Boine-08101.jpg,Landskap,"Rondane, speiling, fjell, morgenlys",8101
Rondane II,Chromaluxe,30x20,895,,,,,,"ChromaLuxe aluminium skiller seg ut med å gi bildet en unik fargemetning, dybdefølelse og bildekvalitet sammenlignet med tradisjonelle aluminiumsbilder. Leveres med veggfeste"
Rondane II,Chromaluxe,60x40,2395,,,,,,"ChromaLuxe aluminium skiller seg ut med å gi bildet en unik fargemetning, dybdefølelse og bildekvalitet sammenlignet med tradisjonelle aluminiumsbilder. Leveres med veggfeste"
Rondane II,Chromaluxe,75x50,3795,,,,,,"ChromaLuxe aluminium skiller seg ut med å gi bildet en unik fargemetning, dybdefølelse og bildekvalitet sammenlignet med tradisjonelle aluminiumsbilder. Leveres med veggfeste"
Rondane II,Chromaluxe,90x60,5395,,,,,,"ChromaLuxe aluminium skiller seg ut med å gi bildet en unik fargemetning, dybdefølelse og bildekvalitet sammenlignet med tradisjonelle aluminiumsbilder. Leveres med veggfeste"
Rondane II,Chromaluxe,120x80,8795,,,,,,"ChromaLuxe aluminium skiller seg ut med å gi bildet en unik fargemetning, dybdefølelse og bildekvalitet sammenlignet med tradisjonelle aluminiumsbilder. Leveres med veggfeste"
Rondane II,Lerret,20x30,1095,,,,,,"Alle bilder blir strukket rundt kraftig treramme med 3.4cm dybde, klar til å henges på veggen. Bildet printes på Premium Satin Canvas med en semigloss overflate. Lerretene leveres med stålvaier-oppheng bak og det brukes kiler i hjørnene slik at det er mulig å etterstramme lerretet over tid."
Rondane II,Lerret,40x60,2395,,,,,,"Alle bilder blir strukket rundt kraftig treramme med 3.4cm dybde, klar til å henges på veggen. Bildet printes på Premium Satin Canvas med en semigloss overflate. Lerretene leveres med stålvaier-oppheng bak og det brukes kiler i hjørnene slik at det er mulig å etterstramme lerretet over tid."
Rondane II,Lerret,50x75,3095,,,,,,"Alle bilder blir strukket rundt kraftig treramme med 3.4cm dybde, klar til å henges på veggen. Bildet printes på Premium Satin Canvas med en semigloss overflate. Lerretene leveres med stålvaier-oppheng bak og det brukes kiler i hjørnene slik at det er mulig å etterstramme lerretet over tid."
Rondane II,Lerret,60x90,4095,,,,,,"Alle bilder blir strukket rundt kraftig treramme med 3.4cm dybde, klar til å henges på veggen. Bildet printes på Premium Satin Canvas med en semigloss overflate. Lerretene leveres med stålvaier-oppheng bak og det brukes kiler i hjørnene slik at det er mulig å etterstramme lerretet over tid."
Rondane II,Lerret,80x120,5595,,,,,,"Alle bilder blir strukket rundt kraftig treramme med 3.4cm dybde, klar til å henges på veggen. Bildet printes på Premium Satin Canvas med en semigloss overflate. Lerretene leveres med stålvaier-oppheng bak og det brukes kiler i hjørnene slik at det er mulig å etterstramme lerretet over tid."
Rondane II,FineArt smooth,20x30,295,,,,,,Papirprint for innramming. Bildene blir printet på FineArt Smooth helmatt uten struktur 300gram 
Rondane II,FineArt smooth,40x60,895,,,,,,Papirprint for innramming. Bildene blir printet på FineArt Smooth helmatt uten struktur 300gram 
Rondane II,FineArt smooth,50x75,995,,,,,,Papirprint for innramming. Bildene blir printet på FineArt Smooth helmatt uten struktur 300gram 
Rondane II,FineArt smooth,60x90,1295,,,,,,Papirprint for innramming. Bildene blir printet på FineArt Smooth helmatt uten struktur 300gram 
Rondane II,FineArt smooth,80x120,1995,,,,,,Papirprint for innramming. Bildene blir printet på FineArt Smooth helmatt uten struktur 300gram 
Morgenlys i Døråldalen,,,,Jeg hadde nettopp våknet. Så på klokka. Det var soloppgang. Kastet på meg klærne og løp ut for å fange soloppgangen. Klarte det akkurat!,https://tiboine.com/wp-content/uploads/2019/12/TIB-20130910-6897.jpg,Landskap,"Soloppgang, morgen, Rondane, Døråldalen, rødt",6897
Morgenlys i Døråldalen,Chromaluxe,30x20,895,,,,,,"ChromaLuxe aluminium skiller seg ut med å gi bildet en unik fargemetning, dybdefølelse og bildekvalitet sammenlignet med tradisjonelle aluminiumsbilder. Leveres med veggfeste"
Morgenlys i Døråldalen,Chromaluxe,60x40,2395,,,,,,"ChromaLuxe aluminium skiller seg ut med å gi bildet en unik fargemetning, dybdefølelse og bildekvalitet sammenlignet med tradisjonelle aluminiumsbilder. Leveres med veggfeste"
Morgenlys i Døråldalen,Chromaluxe,75x50,3795,,,,,,"ChromaLuxe aluminium skiller seg ut med å gi bildet en unik fargemetning, dybdefølelse og bildekvalitet sammenlignet med tradisjonelle aluminiumsbilder. Leveres med veggfeste"
Morgenlys i Døråldalen,Chromaluxe,90x60,5395,,,,,,"ChromaLuxe aluminium skiller seg ut med å gi bildet en unik fargemetning, dybdefølelse og bildekvalitet sammenlignet med tradisjonelle aluminiumsbilder. Leveres med veggfeste"
Morgenlys i Døråldalen,Chromaluxe,120x80,8795,,,,,,"ChromaLuxe aluminium skiller seg ut med å gi bildet en unik fargemetning, dybdefølelse og bildekvalitet sammenlignet med tradisjonelle aluminiumsbilder. Leveres med veggfeste"
Morgenlys i Døråldalen,Lerret,20x30,1095,,,,,,"Alle bilder blir strukket rundt kraftig treramme med 3.4cm dybde, klar til å henges på veggen. Bildet printes på Premium Satin Canvas med en semigloss overflate. Lerretene leveres med stålvaier-oppheng bak og det brukes kiler i hjørnene slik at det er mulig å etterstramme lerretet over tid."
Morgenlys i Døråldalen,Lerret,40x60,2395,,,,,,"Alle bilder blir strukket rundt kraftig treramme med 3.4cm dybde, klar til å henges på veggen. Bildet printes på Premium Satin Canvas med en semigloss overflate. Lerretene leveres med stålvaier-oppheng bak og det brukes kiler i hjørnene slik at det er mulig å etterstramme lerretet over tid."
Morgenlys i Døråldalen,Lerret,50x75,3095,,,,,,"Alle bilder blir strukket rundt kraftig treramme med 3.4cm dybde, klar til å henges på veggen. Bildet printes på Premium Satin Canvas med en semigloss overflate. Lerretene leveres med stålvaier-oppheng bak og det brukes kiler i hjørnene slik at det er mulig å etterstramme lerretet over tid."
Morgenlys i Døråldalen,Lerret,60x90,4095,,,,,,"Alle bilder blir strukket rundt kraftig treramme med 3.4cm dybde, klar til å henges på veggen. Bildet printes på Premium Satin Canvas med en semigloss overflate. Lerretene leveres med stålvaier-oppheng bak og det brukes kiler i hjørnene slik at det er mulig å etterstramme lerretet over tid."
Morgenlys i Døråldalen,Lerret,80x120,5595,,,,,,"Alle bilder blir strukket rundt kraftig treramme med 3.4cm dybde, klar til å henges på veggen. Bildet printes på Premium Satin Canvas med en semigloss overflate. Lerretene leveres med stålvaier-oppheng bak og det brukes kiler i hjørnene slik at det er mulig å etterstramme lerretet over tid."
Morgenlys i Døråldalen,FineArt smooth,20x30,295,,,,,,Papirprint for innramming. Bildene blir printet på FineArt Smooth helmatt uten struktur 300gram 
Morgenlys i Døråldalen,FineArt smooth,40x60,895,,,,,,Papirprint for innramming. Bildene blir printet på FineArt Smooth helmatt uten struktur 300gram 
Morgenlys i Døråldalen,FineArt smooth,50x75,995,,,,,,Papirprint for innramming. Bildene blir printet på FineArt Smooth helmatt uten struktur 300gram 
Morgenlys i Døråldalen,FineArt smooth,60x90,1295,,,,,,Papirprint for innramming. Bildene blir printet på FineArt Smooth helmatt uten struktur 300gram 
Morgenlys i Døråldalen,FineArt smooth,80x120,1995,,,,,,Papirprint for innramming. Bildene blir printet på FineArt Smooth helmatt uten struktur 300gram 
Sohlbergplassen,,,,Den klassiske utsikten fra Sohlbergplass,https://tiboine.com/wp-content/uploads/2019/10/Sohlbergplassen-20150819-6207.jpg,Landskap,"Sohlbergplass, solnedgang, Rondane, kveld",6207
Sohlbergplassen,Chromaluxe,30x20,895,,,,,,"ChromaLuxe aluminium skiller seg ut med å gi bildet en unik fargemetning, dybdefølelse og bildekvalitet sammenlignet med tradisjonelle aluminiumsbilder. Leveres med veggfeste"
Sohlbergplassen,Chromaluxe,60x40,2395,,,,,,"ChromaLuxe aluminium skiller seg ut med å gi bildet en unik fargemetning, dybdefølelse og bildekvalitet sammenlignet med tradisjonelle aluminiumsbilder. Leveres med veggfeste"
Sohlbergplassen,Chromaluxe,75x50,3795,,,,,,"ChromaLuxe aluminium skiller seg ut med å gi bildet en unik fargemetning, dybdefølelse og bildekvalitet sammenlignet med tradisjonelle aluminiumsbilder. Leveres med veggfeste"
Sohlbergplassen,Chromaluxe,90x60,5395,,,,,,"ChromaLuxe aluminium skiller seg ut med å gi bildet en unik fargemetning, dybdefølelse og bildekvalitet sammenlignet med tradisjonelle aluminiumsbilder. Leveres med veggfeste"
Sohlbergplassen,Chromaluxe,120x80,8795,,,,,,"ChromaLuxe aluminium skiller seg ut med å gi bildet en unik fargemetning, dybdefølelse og bildekvalitet sammenlignet med tradisjonelle aluminiumsbilder. Leveres med veggfeste"
Sohlbergplassen,Lerret,20x30,1095,,,,,,"Alle bilder blir strukket rundt kraftig treramme med 3.4cm dybde, klar til å henges på veggen. Bildet printes på Premium Satin Canvas med en semigloss overflate. Lerretene leveres med stålvaier-oppheng bak og det brukes kiler i hjørnene slik at det er mulig å etterstramme lerretet over tid."
Sohlbergplassen,Lerret,40x60,2395,,,,,,"Alle bilder blir strukket rundt kraftig treramme med 3.4cm dybde, klar til å henges på veggen. Bildet printes på Premium Satin Canvas med en semigloss overflate. Lerretene leveres med stålvaier-oppheng bak og det brukes kiler i hjørnene slik at det er mulig å etterstramme lerretet over tid."
Sohlbergplassen,Lerret,50x75,3095,,,,,,"Alle bilder blir strukket rundt kraftig treramme med 3.4cm dybde, klar til å henges på veggen. Bildet printes på Premium Satin Canvas med en semigloss overflate. Lerretene leveres med stålvaier-oppheng bak og det brukes kiler i hjørnene slik at det er mulig å etterstramme lerretet over tid."
Sohlbergplassen,Lerret,60x90,4095,,,,,,"Alle bilder blir strukket rundt kraftig treramme med 3.4cm dybde, klar til å henges på veggen. Bildet printes på Premium Satin Canvas med en semigloss overflate. Lerretene leveres med stålvaier-oppheng bak og det brukes kiler i hjørnene slik at det er mulig å etterstramme lerretet over tid."
Sohlbergplassen,Lerret,80x120,5595,,,,,,"Alle bilder blir strukket rundt kraftig treramme med 3.4cm dybde, klar til å henges på veggen. Bildet printes på Premium Satin Canvas med en semigloss overflate. Lerretene leveres med stålvaier-oppheng bak og det brukes kiler i hjørnene slik at det er mulig å etterstramme lerretet over tid."
Sohlbergplassen,FineArt smooth,20x30,295,,,,,,Papirprint for innramming. Bildene blir printet på FineArt Smooth helmatt uten struktur 300gram 
Sohlbergplassen,FineArt smooth,40x60,895,,,,,,Papirprint for innramming. Bildene blir printet på FineArt Smooth helmatt uten struktur 300gram 
Sohlbergplassen,FineArt smooth,50x75,995,,,,,,Papirprint for innramming. Bildene blir printet på FineArt Smooth helmatt uten struktur 300gram 
Sohlbergplassen,FineArt smooth,60x90,1295,,,,,,Papirprint for innramming. Bildene blir printet på FineArt Smooth helmatt uten struktur 300gram 
Sohlbergplassen,FineArt smooth,80x120,1995,,,,,,Papirprint for innramming. Bildene blir printet på FineArt Smooth helmatt uten struktur 300gram 
Vintermorgen,,,,Fra Venabygdsfjellet,https://tiboine.com/wp-content/uploads/2019/12/TIB-20150118-9508.jpg,Landskap,"venabygdsfjellet, vinter, morgen, blå",9508
Vintermorgen,Chromaluxe,30x20,895,,,,,,"ChromaLuxe aluminium skiller seg ut med å gi bildet en unik fargemetning, dybdefølelse og bildekvalitet sammenlignet med tradisjonelle aluminiumsbilder. Leveres med veggfeste"
Vintermorgen,Chromaluxe,60x40,2395,,,,,,"ChromaLuxe aluminium skiller seg ut med å gi bildet en unik fargemetning, dybdefølelse og bildekvalitet sammenlignet med tradisjonelle aluminiumsbilder. Leveres med veggfeste"
Vintermorgen,Chromaluxe,75x50,3795,,,,,,"ChromaLuxe aluminium skiller seg ut med å gi bildet en unik fargemetning, dybdefølelse og bildekvalitet sammenlignet med tradisjonelle aluminiumsbilder. Leveres med veggfeste"
Vintermorgen,Chromaluxe,90x60,5395,,,,,,"ChromaLuxe aluminium skiller seg ut med å gi bildet en unik fargemetning, dybdefølelse og bildekvalitet sammenlignet med tradisjonelle aluminiumsbilder. Leveres med veggfeste"
Vintermorgen,Chromaluxe,120x80,8795,,,,,,"ChromaLuxe aluminium skiller seg ut med å gi bildet en unik fargemetning, dybdefølelse og bildekvalitet sammenlignet med tradisjonelle aluminiumsbilder. Leveres med veggfeste"
Vintermorgen,Lerret,20x30,1095,,,,,,"Alle bilder blir strukket rundt kraftig treramme med 3.4cm dybde, klar til å henges på veggen. Bildet printes på Premium Satin Canvas med en semigloss overflate. Lerretene leveres med stålvaier-oppheng bak og det brukes kiler i hjørnene slik at det er mulig å etterstramme lerretet over tid."
Vintermorgen,Lerret,40x60,2395,,,,,,"Alle bilder blir strukket rundt kraftig treramme med 3.4cm dybde, klar til å henges på veggen. Bildet printes på Premium Satin Canvas med en semigloss overflate. Lerretene leveres med stålvaier-oppheng bak og det brukes kiler i hjørnene slik at det er mulig å etterstramme lerretet over tid."
Vintermorgen,Lerret,50x75,3095,,,,,,"Alle bilder blir strukket rundt kraftig treramme med 3.4cm dybde, klar til å henges på veggen. Bildet printes på Premium Satin Canvas med en semigloss overflate. Lerretene leveres med stålvaier-oppheng bak og det brukes kiler i hjørnene slik at det er mulig å etterstramme lerretet over tid."
Vintermorgen,Lerret,60x90,4095,,,,,,"Alle bilder blir strukket rundt kraftig treramme med 3.4cm dybde, klar til å henges på veggen. Bildet printes på Premium Satin Canvas med en semigloss overflate. Lerretene leveres med stålvaier-oppheng bak og det brukes kiler i hjørnene slik at det er mulig å etterstramme lerretet over tid."
Vintermorgen,Lerret,80x120,5595,,,,,,"Alle bilder blir strukket rundt kraftig treramme med 3.4cm dybde, klar til å henges på veggen. Bildet printes på Premium Satin Canvas med en semigloss overflate. Lerretene leveres med stålvaier-oppheng bak og det brukes kiler i hjørnene slik at det er mulig å etterstramme lerretet over tid."
Vintermorgen,FineArt smooth,20x30,295,,,,,,Papirprint for innramming. Bildene blir printet på FineArt Smooth helmatt uten struktur 300gram 
Vintermorgen,FineArt smooth,40x60,895,,,,,,Papirprint for innramming. Bildene blir printet på FineArt Smooth helmatt uten struktur 300gram 
Vintermorgen,FineArt smooth,50x75,995,,,,,,Papirprint for innramming. Bildene blir printet på FineArt Smooth helmatt uten struktur 300gram 
Vintermorgen,FineArt smooth,60x90,1295,,,,,,Papirprint for innramming. Bildene blir printet på FineArt Smooth helmatt uten struktur 300gram 
Vintermorgen,FineArt smooth,80x120,1995,,,,,,Papirprint for innramming. Bildene blir printet på FineArt Smooth helmatt uten struktur 300gram 
Muen vinter,,,,En tidlig januarmorgen,https://tiboine.com/wp-content/uploads/2019/12/TIB-20150118-9517.jpg,Landskap,"venabygdsfjellet, vinter, morgen, blå, muen",9517
Muen vinter,Chromaluxe,30x20,895,,,,,,"ChromaLuxe aluminium skiller seg ut med å gi bildet en unik fargemetning, dybdefølelse og bildekvalitet sammenlignet med tradisjonelle aluminiumsbilder. Leveres med veggfeste"
Muen vinter,Chromaluxe,60x40,2395,,,,,,"ChromaLuxe aluminium skiller seg ut med å gi bildet en unik fargemetning, dybdefølelse og bildekvalitet sammenlignet med tradisjonelle aluminiumsbilder. Leveres med veggfeste"
Muen vinter,Chromaluxe,75x50,3795,,,,,,"ChromaLuxe aluminium skiller seg ut med å gi bildet en unik fargemetning, dybdefølelse og bildekvalitet sammenlignet med tradisjonelle aluminiumsbilder. Leveres med veggfeste"
Muen vinter,Chromaluxe,90x60,5395,,,,,,"ChromaLuxe aluminium skiller seg ut med å gi bildet en unik fargemetning, dybdefølelse og bildekvalitet sammenlignet med tradisjonelle aluminiumsbilder. Leveres med veggfeste"
Muen vinter,Chromaluxe,120x80,8795,,,,,,"ChromaLuxe aluminium skiller seg ut med å gi bildet en unik fargemetning, dybdefølelse og bildekvalitet sammenlignet med tradisjonelle aluminiumsbilder. Leveres med veggfeste"
Muen vinter,Lerret,20x30,1095,,,,,,"Alle bilder blir strukket rundt kraftig treramme med 3.4cm dybde, klar til å henges på veggen. Bildet printes på Premium Satin Canvas med en semigloss overflate. Lerretene leveres med stålvaier-oppheng bak og det brukes kiler i hjørnene slik at det er mulig å etterstramme lerretet over tid."
Muen vinter,Lerret,40x60,2395,,,,,,"Alle bilder blir strukket rundt kraftig treramme med 3.4cm dybde, klar til å henges på veggen. Bildet printes på Premium Satin Canvas med en semigloss overflate. Lerretene leveres med stålvaier-oppheng bak og det brukes kiler i hjørnene slik at det er mulig å etterstramme lerretet over tid."
Muen vinter,Lerret,50x75,3095,,,,,,"Alle bilder blir strukket rundt kraftig treramme med 3.4cm dybde, klar til å henges på veggen. Bildet printes på Premium Satin Canvas med en semigloss overflate. Lerretene leveres med stålvaier-oppheng bak og det brukes kiler i hjørnene slik at det er mulig å etterstramme lerretet over tid."
Muen vinter,Lerret,60x90,4095,,,,,,"Alle bilder blir strukket rundt kraftig treramme med 3.4cm dybde, klar til å henges på veggen. Bildet printes på Premium Satin Canvas med en semigloss overflate. Lerretene leveres med stålvaier-oppheng bak og det brukes kiler i hjørnene slik at det er mulig å etterstramme lerretet over tid."
Muen vinter,Lerret,80x120,5595,,,,,,"Alle bilder blir strukket rundt kraftig treramme med 3.4cm dybde, klar til å henges på veggen. Bildet printes på Premium Satin Canvas med en semigloss overflate. Lerretene leveres med stålvaier-oppheng bak og det brukes kiler i hjørnene slik at det er mulig å etterstramme lerretet over tid."
Muen vinter,FineArt smooth,20x30,295,,,,,,Papirprint for innramming. Bildene blir printet på FineArt Smooth helmatt uten struktur 300gram 
Muen vinter,FineArt smooth,40x60,895,,,,,,Papirprint for innramming. Bildene blir printet på FineArt Smooth helmatt uten struktur 300gram 
Muen vinter,FineArt smooth,50x75,995,,,,,,Papirprint for innramming. Bildene blir printet på FineArt Smooth helmatt uten struktur 300gram 
Muen vinter,FineArt smooth,60x90,1295,,,,,,Papirprint for innramming. Bildene blir printet på FineArt Smooth helmatt uten struktur 300gram 
Muen vinter,FineArt smooth,80x120,1995,,,,,,Papirprint for innramming. Bildene blir printet på FineArt Smooth helmatt uten struktur 300gram 
Randen,,,,Randen fjell ved Mysusæter,https://tiboine.com/wp-content/uploads/2019/10/TIB-20150831-6791.jpg,Landskap,fjell,6791
Randen,Chromaluxe,30x20,895,,,,,,"ChromaLuxe aluminium skiller seg ut med å gi bildet en unik fargemetning, dybdefølelse og bildekvalitet sammenlignet med tradisjonelle aluminiumsbilder. Leveres med veggfeste"
Randen,Chromaluxe,60x40,2395,,,,,,"ChromaLuxe aluminium skiller seg ut med å gi bildet en unik fargemetning, dybdefølelse og bildekvalitet sammenlignet med tradisjonelle aluminiumsbilder. Leveres med veggfeste"
Randen,Chromaluxe,75x50,3795,,,,,,"ChromaLuxe aluminium skiller seg ut med å gi bildet en unik fargemetning, dybdefølelse og bildekvalitet sammenlignet med tradisjonelle aluminiumsbilder. Leveres med veggfeste"
Randen,Chromaluxe,90x60,5395,,,,,,"ChromaLuxe aluminium skiller seg ut med å gi bildet en unik fargemetning, dybdefølelse og bildekvalitet sammenlignet med tradisjonelle aluminiumsbilder. Leveres med veggfeste"
Randen,Chromaluxe,120x80,8795,,,,,,"ChromaLuxe aluminium skiller seg ut med å gi bildet en unik fargemetning, dybdefølelse og bildekvalitet sammenlignet med tradisjonelle aluminiumsbilder. Leveres med veggfeste"
Randen,Lerret,20x30,1095,,,,,,"Alle bilder blir strukket rundt kraftig treramme med 3.4cm dybde, klar til å henges på veggen. Bildet printes på Premium Satin Canvas med en semigloss overflate. Lerretene leveres med stålvaier-oppheng bak og det brukes kiler i hjørnene slik at det er mulig å etterstramme lerretet over tid."
Randen,Lerret,40x60,2395,,,,,,"Alle bilder blir strukket rundt kraftig treramme med 3.4cm dybde, klar til å henges på veggen. Bildet printes på Premium Satin Canvas med en semigloss overflate. Lerretene leveres med stålvaier-oppheng bak og det brukes kiler i hjørnene slik at det er mulig å etterstramme lerretet over tid."
Randen,Lerret,50x75,3095,,,,,,"Alle bilder blir strukket rundt kraftig treramme med 3.4cm dybde, klar til å henges på veggen. Bildet printes på Premium Satin Canvas med en semigloss overflate. Lerretene leveres med stålvaier-oppheng bak og det brukes kiler i hjørnene slik at det er mulig å etterstramme lerretet over tid."
Randen,Lerret,60x90,4095,,,,,,"Alle bilder blir strukket rundt kraftig treramme med 3.4cm dybde, klar til å henges på veggen. Bildet printes på Premium Satin Canvas med en semigloss overflate. Lerretene leveres med stålvaier-oppheng bak og det brukes kiler i hjørnene slik at det er mulig å etterstramme lerretet over tid."
Randen,Lerret,80x120,5595,,,,,,"Alle bilder blir strukket rundt kraftig treramme med 3.4cm dybde, klar til å henges på veggen. Bildet printes på Premium Satin Canvas med en semigloss overflate. Lerretene leveres med stålvaier-oppheng bak og det brukes kiler i hjørnene slik at det er mulig å etterstramme lerretet over tid."
Randen,FineArt smooth,20x30,295,,,,,,Papirprint for innramming. Bildene blir printet på FineArt Smooth helmatt uten struktur 300gram 
Randen,FineArt smooth,40x60,895,,,,,,Papirprint for innramming. Bildene blir printet på FineArt Smooth helmatt uten struktur 300gram 
Randen,FineArt smooth,50x75,995,,,,,,Papirprint for innramming. Bildene blir printet på FineArt Smooth helmatt uten struktur 300gram 
Randen,FineArt smooth,60x90,1295,,,,,,Papirprint for innramming. Bildene blir printet på FineArt Smooth helmatt uten struktur 300gram 
Randen,FineArt smooth,80x120,1995,,,,,,Papirprint for innramming. Bildene blir printet på FineArt Smooth helmatt uten struktur 300gram 
Blomsten i Jotunheimen,,,,Jotunheimen,https://tiboine.com/wp-content/uploads/2019/10/TIB-20160821-1650.jpg,landskap,"jotunheimen, blomst, fjell",1650
Blomsten i Jotunheimen,Chromaluxe,30x20,895,,,,,,"ChromaLuxe aluminium skiller seg ut med å gi bildet en unik fargemetning, dybdefølelse og bildekvalitet sammenlignet med tradisjonelle aluminiumsbilder. Leveres med veggfeste"
Blomsten i Jotunheimen,Chromaluxe,60x40,2395,,,,,,"ChromaLuxe aluminium skiller seg ut med å gi bildet en unik fargemetning, dybdefølelse og bildekvalitet sammenlignet med tradisjonelle aluminiumsbilder. Leveres med veggfeste"
Blomsten i Jotunheimen,Chromaluxe,75x50,3795,,,,,,"ChromaLuxe aluminium skiller seg ut med å gi bildet en unik fargemetning, dybdefølelse og bildekvalitet sammenlignet med tradisjonelle aluminiumsbilder. Leveres med veggfeste"
Blomsten i Jotunheimen,Chromaluxe,90x60,5395,,,,,,"ChromaLuxe aluminium skiller seg ut med å gi bildet en unik fargemetning, dybdefølelse og bildekvalitet sammenlignet med tradisjonelle aluminiumsbilder. Leveres med veggfeste"
Blomsten i Jotunheimen,Chromaluxe,120x80,8795,,,,,,"ChromaLuxe aluminium skiller seg ut med å gi bildet en unik fargemetning, dybdefølelse og bildekvalitet sammenlignet med tradisjonelle aluminiumsbilder. Leveres med veggfeste"
Blomsten i Jotunheimen,Lerret,20x30,1095,,,,,,"Alle bilder blir strukket rundt kraftig treramme med 3.4cm dybde, klar til å henges på veggen. Bildet printes på Premium Satin Canvas med en semigloss overflate. Lerretene leveres med stålvaier-oppheng bak og det brukes kiler i hjørnene slik at det er mulig å etterstramme lerretet over tid."
Blomsten i Jotunheimen,Lerret,40x60,2395,,,,,,"Alle bilder blir strukket rundt kraftig treramme med 3.4cm dybde, klar til å henges på veggen. Bildet printes på Premium Satin Canvas med en semigloss overflate. Lerretene leveres med stålvaier-oppheng bak og det brukes kiler i hjørnene slik at det er mulig å etterstramme lerretet over tid."
Blomsten i Jotunheimen,Lerret,50x75,3095,,,,,,"Alle bilder blir strukket rundt kraftig treramme med 3.4cm dybde, klar til å henges på veggen. Bildet printes på Premium Satin Canvas med en semigloss overflate. Lerretene leveres med stålvaier-oppheng bak og det brukes kiler i hjørnene slik at det er mulig å etterstramme lerretet over tid."
Blomsten i Jotunheimen,Lerret,60x90,4095,,,,,,"Alle bilder blir strukket rundt kraftig treramme med 3.4cm dybde, klar til å henges på veggen. Bildet printes på Premium Satin Canvas med en semigloss overflate. Lerretene leveres med stålvaier-oppheng bak og det brukes kiler i hjørnene slik at det er mulig å etterstramme lerretet over tid."
Blomsten i Jotunheimen,Lerret,80x120,5595,,,,,,"Alle bilder blir strukket rundt kraftig treramme med 3.4cm dybde, klar til å henges på veggen. Bildet printes på Premium Satin Canvas med en semigloss overflate. Lerretene leveres med stålvaier-oppheng bak og det brukes kiler i hjørnene slik at det er mulig å etterstramme lerretet over tid."
Blomsten i Jotunheimen,FineArt smooth,20x30,295,,,,,,Papirprint for innramming. Bildene blir printet på FineArt Smooth helmatt uten struktur 300gram 
Blomsten i Jotunheimen,FineArt smooth,40x60,895,,,,,,Papirprint for innramming. Bildene blir printet på FineArt Smooth helmatt uten struktur 300gram 
Blomsten i Jotunheimen,FineArt smooth,50x75,995,,,,,,Papirprint for innramming. Bildene blir printet på FineArt Smooth helmatt uten struktur 300gram 
Blomsten i Jotunheimen,FineArt smooth,60x90,1295,,,,,,Papirprint for innramming. Bildene blir printet på FineArt Smooth helmatt uten struktur 300gram 
Blomsten i Jotunheimen,FineArt smooth,80x120,1995,,,,,,Papirprint for innramming. Bildene blir printet på FineArt Smooth helmatt uten struktur 300gram 
Nordlys på fjellet,,,,Ved Muvatnet på Venabygdsfjellet,https://tiboine.com/wp-content/uploads/2019/10/TIB-20161010-5781.jpg,landskap,"muen,muvatnet, nordlys,natt,venabygdsfjellet",5781
Nordlys på fjellet,Chromaluxe,20x30,895,,,,,,"ChromaLuxe aluminium skiller seg ut med å gi bildet en unik fargemetning, dybdefølelse og bildekvalitet sammenlignet med tradisjonelle aluminiumsbilder. Leveres med veggfeste"
Nordlys på fjellet,Chromaluxe,40x60,2395,,,,,,"ChromaLuxe aluminium skiller seg ut med å gi bildet en unik fargemetning, dybdefølelse og bildekvalitet sammenlignet med tradisjonelle aluminiumsbilder. Leveres med veggfeste"
Nordlys på fjellet,Chromaluxe,50x75,3795,,,,,,"ChromaLuxe aluminium skiller seg ut med å gi bildet en unik fargemetning, dybdefølelse og bildekvalitet sammenlignet med tradisjonelle aluminiumsbilder. Leveres med veggfeste"
Nordlys på fjellet,Chromaluxe,60x90,5395,,,,,,"ChromaLuxe aluminium skiller seg ut med å gi bildet en unik fargemetning, dybdefølelse og bildekvalitet sammenlignet med tradisjonelle aluminiumsbilder. Leveres med veggfeste"
Nordlys på fjellet,Chromaluxe,80x120,8795,,,,,,"ChromaLuxe aluminium skiller seg ut med å gi bildet en unik fargemetning, dybdefølelse og bildekvalitet sammenlignet med tradisjonelle aluminiumsbilder. Leveres med veggfeste"
Nordlys på fjellet,Lerret,20x30,1095,,,,,,"Alle bilder blir strukket rundt kraftig treramme med 3.4cm dybde, klar til å henges på veggen. Bildet printes på Premium Satin Canvas med en semigloss overflate. Lerretene leveres med stålvaier-oppheng bak og det brukes kiler i hjørnene slik at det er mulig å etterstramme lerretet over tid."
Nordlys på fjellet,Lerret,40x60,2395,,,,,,"Alle bilder blir strukket rundt kraftig treramme med 3.4cm dybde, klar til å henges på veggen. Bildet printes på Premium Satin Canvas med en semigloss overflate. Lerretene leveres med stålvaier-oppheng bak og det brukes kiler i hjørnene slik at det er mulig å etterstramme lerretet over tid."
Nordlys på fjellet,Lerret,50x75,3095,,,,,,"Alle bilder blir strukket rundt kraftig treramme med 3.4cm dybde, klar til å henges på veggen. Bildet printes på Premium Satin Canvas med en semigloss overflate. Lerretene leveres med stålvaier-oppheng bak og det brukes kiler i hjørnene slik at det er mulig å etterstramme lerretet over tid."
Nordlys på fjellet,Lerret,60x90,4095,,,,,,"Alle bilder blir strukket rundt kraftig treramme med 3.4cm dybde, klar til å henges på veggen. Bildet printes på Premium Satin Canvas med en semigloss overflate. Lerretene leveres med stålvaier-oppheng bak og det brukes kiler i hjørnene slik at det er mulig å etterstramme lerretet over tid."
Nordlys på fjellet,Lerret,80x120,5595,,,,,,"Alle bilder blir strukket rundt kraftig treramme med 3.4cm dybde, klar til å henges på veggen. Bildet printes på Premium Satin Canvas med en semigloss overflate. Lerretene leveres med stålvaier-oppheng bak og det brukes kiler i hjørnene slik at det er mulig å etterstramme lerretet over tid."
Nordlys på fjellet,FineArt smooth,20x30,295,,,,,,Papirprint for innramming. Bildene blir printet på FineArt Smooth helmatt uten struktur 300gram 
Nordlys på fjellet,FineArt smooth,40x60,895,,,,,,Papirprint for innramming. Bildene blir printet på FineArt Smooth helmatt uten struktur 300gram 
Nordlys på fjellet,FineArt smooth,50x75,995,,,,,,Papirprint for innramming. Bildene blir printet på FineArt Smooth helmatt uten struktur 300gram 
Nordlys på fjellet,FineArt smooth,60x90,1295,,,,,,Papirprint for innramming. Bildene blir printet på FineArt Smooth helmatt uten struktur 300gram 
Nordlys på fjellet,FineArt smooth,80x120,1995,,,,,,Papirprint for innramming. Bildene blir printet på FineArt Smooth helmatt uten struktur 300gram 
Nordlys på fjellet II,,,,Ved Muvatnet på Venabygdsfjellet,https://tiboine.com/wp-content/uploads/2019/10/TIB-20161010-5757.jpg,landskap,"muen,muvatnet, nordlys,natt,venabygdsfjellet",5757
Nordlys på fjellet II,Chromaluxe,30x20,895,,,,,,"ChromaLuxe aluminium skiller seg ut med å gi bildet en unik fargemetning, dybdefølelse og bildekvalitet sammenlignet med tradisjonelle aluminiumsbilder. Leveres med veggfeste"
Nordlys på fjellet II,Chromaluxe,60x40,2395,,,,,,"ChromaLuxe aluminium skiller seg ut med å gi bildet en unik fargemetning, dybdefølelse og bildekvalitet sammenlignet med tradisjonelle aluminiumsbilder. Leveres med veggfeste"
Nordlys på fjellet II,Chromaluxe,75x50,3795,,,,,,"ChromaLuxe aluminium skiller seg ut med å gi bildet en unik fargemetning, dybdefølelse og bildekvalitet sammenlignet med tradisjonelle aluminiumsbilder. Leveres med veggfeste"
Nordlys på fjellet II,Chromaluxe,90x60,5395,,,,,,"ChromaLuxe aluminium skiller seg ut med å gi bildet en unik fargemetning, dybdefølelse og bildekvalitet sammenlignet med tradisjonelle aluminiumsbilder. Leveres med veggfeste"
Nordlys på fjellet II,Chromaluxe,120x80,8795,,,,,,"ChromaLuxe aluminium skiller seg ut med å gi bildet en unik fargemetning, dybdefølelse og bildekvalitet sammenlignet med tradisjonelle aluminiumsbilder. Leveres med veggfeste"
Nordlys på fjellet II,Lerret,20x30,1095,,,,,,"Alle bilder blir strukket rundt kraftig treramme med 3.4cm dybde, klar til å henges på veggen. Bildet printes på Premium Satin Canvas med en semigloss overflate. Lerretene leveres med stålvaier-oppheng bak og det brukes kiler i hjørnene slik at det er mulig å etterstramme lerretet over tid."
Nordlys på fjellet II,Lerret,40x60,2395,,,,,,"Alle bilder blir strukket rundt kraftig treramme med 3.4cm dybde, klar til å henges på veggen. Bildet printes på Premium Satin Canvas med en semigloss overflate. Lerretene leveres med stålvaier-oppheng bak og det brukes kiler i hjørnene slik at det er mulig å etterstramme lerretet over tid."
Nordlys på fjellet II,Lerret,50x75,3095,,,,,,"Alle bilder blir strukket rundt kraftig treramme med 3.4cm dybde, klar til å henges på veggen. Bildet printes på Premium Satin Canvas med en semigloss overflate. Lerretene leveres med stålvaier-oppheng bak og det brukes kiler i hjørnene slik at det er mulig å etterstramme lerretet over tid."
Nordlys på fjellet II,Lerret,60x90,4095,,,,,,"Alle bilder blir strukket rundt kraftig treramme med 3.4cm dybde, klar til å henges på veggen. Bildet printes på Premium Satin Canvas med en semigloss overflate. Lerretene leveres med stålvaier-oppheng bak og det brukes kiler i hjørnene slik at det er mulig å etterstramme lerretet over tid."
Nordlys på fjellet II,Lerret,80x120,5595,,,,,,"Alle bilder blir strukket rundt kraftig treramme med 3.4cm dybde, klar til å henges på veggen. Bildet printes på Premium Satin Canvas med en semigloss overflate. Lerretene leveres med stålvaier-oppheng bak og det brukes kiler i hjørnene slik at det er mulig å etterstramme lerretet over tid."
Nordlys på fjellet II,FineArt smooth,20x30,295,,,,,,Papirprint for innramming. Bildene blir printet på FineArt Smooth helmatt uten struktur 300gram 
Nordlys på fjellet II,FineArt smooth,40x60,895,,,,,,Papirprint for innramming. Bildene blir printet på FineArt Smooth helmatt uten struktur 300gram 
Nordlys på fjellet II,FineArt smooth,50x75,995,,,,,,Papirprint for innramming. Bildene blir printet på FineArt Smooth helmatt uten struktur 300gram 
Nordlys på fjellet II,FineArt smooth,60x90,1295,,,,,,Papirprint for innramming. Bildene blir printet på FineArt Smooth helmatt uten struktur 300gram 
Nordlys på fjellet II,FineArt smooth,80x120,1995,,,,,,Papirprint for innramming. Bildene blir printet på FineArt Smooth helmatt uten struktur 300gram 
Melkeveien og månen,,,,Fra Venabygdsfjellet,https://tiboine.com/wp-content/uploads/2019/10/TIB-20161010-5746.jpg,landskap,"Melkeveien, måne, Venabygdsfjellet, natt, stjerner",5746
Melkeveien og månen,Chromaluxe,20x30,895,,,,,,"ChromaLuxe aluminium skiller seg ut med å gi bildet en unik fargemetning, dybdefølelse og bildekvalitet sammenlignet med tradisjonelle aluminiumsbilder. Leveres med veggfeste"
Melkeveien og månen,Chromaluxe,40x60,2395,,,,,,"ChromaLuxe aluminium skiller seg ut med å gi bildet en unik fargemetning, dybdefølelse og bildekvalitet sammenlignet med tradisjonelle aluminiumsbilder. Leveres med veggfeste"
Melkeveien og månen,Chromaluxe,50x75,3795,,,,,,"ChromaLuxe aluminium skiller seg ut med å gi bildet en unik fargemetning, dybdefølelse og bildekvalitet sammenlignet med tradisjonelle aluminiumsbilder. Leveres med veggfeste"
Melkeveien og månen,Chromaluxe,60x90,5395,,,,,,"ChromaLuxe aluminium skiller seg ut med å gi bildet en unik fargemetning, dybdefølelse og bildekvalitet sammenlignet med tradisjonelle aluminiumsbilder. Leveres med veggfeste"
Melkeveien og månen,Chromaluxe,80x120,8795,,,,,,"ChromaLuxe aluminium skiller seg ut med å gi bildet en unik fargemetning, dybdefølelse og bildekvalitet sammenlignet med tradisjonelle aluminiumsbilder. Leveres med veggfeste"
Melkeveien og månen,Lerret,20x30,1095,,,,,,"Alle bilder blir strukket rundt kraftig treramme med 3.4cm dybde, klar til å henges på veggen. Bildet printes på Premium Satin Canvas med en semigloss overflate. Lerretene leveres med stålvaier-oppheng bak og det brukes kiler i hjørnene slik at det er mulig å etterstramme lerretet over tid."
Melkeveien og månen,Lerret,40x60,2395,,,,,,"Alle bilder blir strukket rundt kraftig treramme med 3.4cm dybde, klar til å henges på veggen. Bildet printes på Premium Satin Canvas med en semigloss overflate. Lerretene leveres med stålvaier-oppheng bak og det brukes kiler i hjørnene slik at det er mulig å etterstramme lerretet over tid."
Melkeveien og månen,Lerret,50x75,3095,,,,,,"Alle bilder blir strukket rundt kraftig treramme med 3.4cm dybde, klar til å henges på veggen. Bildet printes på Premium Satin Canvas med en semigloss overflate. Lerretene leveres med stålvaier-oppheng bak og det brukes kiler i hjørnene slik at det er mulig å etterstramme lerretet over tid."
Melkeveien og månen,Lerret,60x90,4095,,,,,,"Alle bilder blir strukket rundt kraftig treramme med 3.4cm dybde, klar til å henges på veggen. Bildet printes på Premium Satin Canvas med en semigloss overflate. Lerretene leveres med stålvaier-oppheng bak og det brukes kiler i hjørnene slik at det er mulig å etterstramme lerretet over tid."
Melkeveien og månen,Lerret,80x120,5595,,,,,,"Alle bilder blir strukket rundt kraftig treramme med 3.4cm dybde, klar til å henges på veggen. Bildet printes på Premium Satin Canvas med en semigloss overflate. Lerretene leveres med stålvaier-oppheng bak og det brukes kiler i hjørnene slik at det er mulig å etterstramme lerretet over tid."
Melkeveien og månen,FineArt smooth,20x30,295,,,,,,Papirprint for innramming. Bildene blir printet på FineArt Smooth helmatt uten struktur 300gram 
Melkeveien og månen,FineArt smooth,40x60,895,,,,,,Papirprint for innramming. Bildene blir printet på FineArt Smooth helmatt uten struktur 300gram 
Melkeveien og månen,FineArt smooth,50x75,995,,,,,,Papirprint for innramming. Bildene blir printet på FineArt Smooth helmatt uten struktur 300gram 
Melkeveien og månen,FineArt smooth,60x90,1295,,,,,,Papirprint for innramming. Bildene blir printet på FineArt Smooth helmatt uten struktur 300gram 
Melkeveien og månen,FineArt smooth,80x120,1995,,,,,,Papirprint for innramming. Bildene blir printet på FineArt Smooth helmatt uten struktur 300gram 
Venabygdsfjellet,,,,silhuettene,https://tiboine.com/wp-content/uploads/2020/10/Tor-Ivan-Boine-9409.jpg,landskap,"Muen, Venabygdsfjellet, kveld, silhuett, panorama",9409
Venabygdsfjellet,Chromaluxe,20x30,295,,,,,,"ChromaLuxe aluminium skiller seg ut med å gi bildet en unik fargemetning, dybdefølelse og bildekvalitet sammenlignet med tradisjonelle aluminiumsbilder. Leveres med veggfeste"
Venabygdsfjellet,Chromaluxe,40x60,895,,,,,,"ChromaLuxe aluminium skiller seg ut med å gi bildet en unik fargemetning, dybdefølelse og bildekvalitet sammenlignet med tradisjonelle aluminiumsbilder. Leveres med veggfeste"
Venabygdsfjellet,Chromaluxe,50x75,995,,,,,,"ChromaLuxe aluminium skiller seg ut med å gi bildet en unik fargemetning, dybdefølelse og bildekvalitet sammenlignet med tradisjonelle aluminiumsbilder. Leveres med veggfeste"
Venabygdsfjellet,Chromaluxe,60x90,1295,,,,,,"ChromaLuxe aluminium skiller seg ut med å gi bildet en unik fargemetning, dybdefølelse og bildekvalitet sammenlignet med tradisjonelle aluminiumsbilder. Leveres med veggfeste"
Venabygdsfjellet,Chromaluxe,80x120,1995,,,,,,"ChromaLuxe aluminium skiller seg ut med å gi bildet en unik fargemetning, dybdefølelse og bildekvalitet sammenlignet med tradisjonelle aluminiumsbilder. Leveres med veggfeste"
Venabygdsfjellet,Lerret,20x30,1095,,,,,,"Alle bilder blir strukket rundt kraftig treramme med 3.4cm dybde, klar til å henges på veggen. Bildet printes på Premium Satin Canvas med en semigloss overflate. Lerretene leveres med stålvaier-oppheng bak og det brukes kiler i hjørnene slik at det er mulig å etterstramme lerretet over tid."
Venabygdsfjellet,Lerret,40x60,2395,,,,,,"Alle bilder blir strukket rundt kraftig treramme med 3.4cm dybde, klar til å henges på veggen. Bildet printes på Premium Satin Canvas med en semigloss overflate. Lerretene leveres med stålvaier-oppheng bak og det brukes kiler i hjørnene slik at det er mulig å etterstramme lerretet over tid."
Venabygdsfjellet,Lerret,50x75,3095,,,,,,"Alle bilder blir strukket rundt kraftig treramme med 3.4cm dybde, klar til å henges på veggen. Bildet printes på Premium Satin Canvas med en semigloss overflate. Lerretene leveres med stålvaier-oppheng bak og det brukes kiler i hjørnene slik at det er mulig å etterstramme lerretet over tid."
Venabygdsfjellet,Lerret,60x90,4095,,,,,,"Alle bilder blir strukket rundt kraftig treramme med 3.4cm dybde, klar til å henges på veggen. Bildet printes på Premium Satin Canvas med en semigloss overflate. Lerretene leveres med stålvaier-oppheng bak og det brukes kiler i hjørnene slik at det er mulig å etterstramme lerretet over tid."
Venabygdsfjellet,Lerret,80x120,5595,,,,,,"Alle bilder blir strukket rundt kraftig treramme med 3.4cm dybde, klar til å henges på veggen. Bildet printes på Premium Satin Canvas med en semigloss overflate. Lerretene leveres med stålvaier-oppheng bak og det brukes kiler i hjørnene slik at det er mulig å etterstramme lerretet over tid."
Venabygdsfjellet,FineArt smooth,20x30,295,,,,,,Papirprint for innramming. Bildene blir printet på FineArt Smooth helmatt uten struktur 300gram 
Venabygdsfjellet,FineArt smooth,40x60,895,,,,,,Papirprint for innramming. Bildene blir printet på FineArt Smooth helmatt uten struktur 300gram 
Venabygdsfjellet,FineArt smooth,50x75,995,,,,,,Papirprint for innramming. Bildene blir printet på FineArt Smooth helmatt uten struktur 300gram 
Venabygdsfjellet,FineArt smooth,60x90,1295,,,,,,Papirprint for innramming. Bildene blir printet på FineArt Smooth helmatt uten struktur 300gram 
Venabygdsfjellet,FineArt smooth,80x120,1995,,,,,,Papirprint for innramming. Bildene blir printet på FineArt Smooth helmatt uten struktur 300gram 
